dataset,recurrence,ret_imp,rand_imp,ret_advantage
ETTm2,0.7281308770179749,6.1611639857106795,27.53007106588281,-21.368907080172132
ETTm2,0.7411569952964783,22.200453429418552,45.05131320742268,-22.85085977800413
ETTm2,0.7681593894958496,1.317112769178172,-7.223580116877599,8.540692886055771
ETTm2,0.8126562833786011,-0.645220884773848,2.048608039790371,-2.6938289245642193
ETTm2,0.7989543080329895,0.5532070765893408,-2067.796280552864,2068.3494876294535
ETTm2,0.7993465065956116,11.492942984005571,52.12973871377308,-40.636795729767506
ETTm2,0.7884982824325562,8.04448680335366,-53.1459010352578,61.19038783861146
ETTm2,0.7897523045539856,16.485109838441314,1.5377743385476468,14.947335499893667
ETTm2,0.7391754388809204,-0.8428085492590504,-123.11883352888202,122.27602497962297
ETTm2,0.7357620000839233,5.035201772042311,59.18655508067998,-54.15135330863767
ETTm2,0.7212077379226685,1.6730834502228498,-13.280074345138072,14.953157795360921
ETTm2,0.7483919262886047,-65.79146587161054,-72.06227802207863,6.270812150468089
ETTm2,0.741569995880127,5.452642041880182,56.20601659339738,-50.7533745515172
ETTm2,0.7140491008758545,8.096590830395808,45.439186689176495,-37.34259585878068
ETTm2,0.7633526921272278,-7.130932891270862,47.65077436188827,-54.78170725315913
ETTm2,0.7301482558250427,6.2292312661694815,7.373321728444385,-1.144090462274903
ETTm2,0.6834136247634888,11.664331185091873,-0.8264919159206553,12.490823101012529
ETTm2,0.6486518979072571,-5.151329088647548,-30.058518957700343,24.907189869052797
ETTm2,0.6740248203277588,10.193761344576668,30.831143368203524,-20.637382023626856
ETTm2,0.6944369673728943,-0.652436053825577,-0.32783186566756,-0.324604188158017
ETTm2,0.7468999028205872,-0.24370936676255595,-27.797754001589688,27.554044634827132
ETTm2,0.8603339791297913,0.22628544656024224,72.78213357072427,-72.55584812416403
ETTm2,0.9091392755508423,26.780250138355505,-19.112502212437054,45.89275235079256
ETTm2,0.9025716781616211,-9.019108567423574,-0.8397174573621805,-8.179391110061394
ETTm2,0.8553370237350464,0.3033402059611771,-0.042401494223633554,0.34574170018481065
ETTm2,0.8028836846351624,22.556892064199815,0.17540776102370442,22.38148430317611
ETTm2,0.7624771595001221,0.8030649399934184,14.20994647955856,-13.406881539565141
ETTm2,0.7320901155471802,-23.985650433792017,-114.78656318477285,90.80091275098083
ETTm2,0.725854218006134,23.535898560040017,14.079033880712998,9.456864679327019
ETTm2,0.7141375541687012,22.560335578958636,59.04966287598828,-36.48932729702965
ETTm2,0.754332959651947,15.469002550731323,51.44715334010612,-35.978150789374794
ETTm2,0.7192017436027527,0.7472152891932723,2.6980758555982924,-1.9508605664050203
ETTm2,0.7107440829277039,11.21115594081837,-91.505715644468,102.71687158528637
ETTm2,0.7785556316375732,-1.0008225718262866,11.37515128544703,-12.375973857273317
ETTm2,0.8475468754768372,0.7788326290311712,-0.7595050438395465,1.5383376728707177
ETTm2,0.8397473096847534,15.76914106141037,21.271979883820045,-5.502838822409675
ETTm2,0.762111485004425,20.350866136318714,-11.221471357486413,31.57233749380513
ETTm2,0.7243707180023193,8.390997203159646,-30.26026096887905,38.651258172038695
ETTm2,0.7368231415748596,17.23023430450348,44.67388870997949,-27.443654405476007
ETTm2,0.7693801522254944,-0.6211056616062314,26.1873357317017,-26.808441393307934
ETTm2,0.7794561982154846,25.73621238254271,-15.263059071022244,40.99927145356496
ETTm2,0.7565872073173523,4.347116846455878,26.36645963806225,-22.01934279160637
ETTm2,0.732917845249176,-1.1245671141617204,-39.66626961259882,38.5417024984371
ETTm2,0.7663860321044922,-3.8252720645529044,-116.15408449820366,112.32881243365075
ETTm2,0.7559661865234375,15.339835638639581,49.81009145699442,-34.47025581835484
ETTm2,0.7461981773376465,17.714443156083483,12.424556879590314,5.289886276493169
ETTm2,0.7436643838882446,-5.085876455873606,23.323157512839007,-28.409033968712613
ETTm2,0.7527565956115723,0.7866086456390746,-92.44366302222285,93.23027166786193
ETTm2,0.720588743686676,0.13929135984980942,2.148642187824184,-2.0093508279743744
ETTm2,0.7336393594741821,8.18420738443589,32.88138385253495,-24.697176468099062
ETTm2,0.7569645047187805,2.0119323804149625,12.554571281408311,-10.54263890099335
ETTm2,0.7543241381645203,-98.27001162327107,-524.2059611909108,425.9359495676397
ETTm2,0.7345196008682251,-1.7563199029725238,-48.990927963680896,47.234608060708375
ETTm2,0.7332661151885986,-26.709710959489207,-41.57239281900834,14.862681859519135
ETTm2,0.7641833424568176,-23.62189232089877,-431.0229025687966,407.40101024789783
ETTm2,0.7632966041564941,37.413024531050304,83.57520028842498,-46.162175757374676
ETTm2,0.7825320363044739,6.785028896715352,22.438803338681566,-15.653774441966213
ETTm2,0.771760106086731,0.3350173840050814,35.27086528797357,-34.93584790396849
ETTm2,0.7658178210258484,4.16887920211301,10.999926571237413,-6.831047369124403
ETTm2,0.7624558210372925,4.282188714917435,43.341509846377456,-39.059321131460024
ETTm2,0.7744858264923096,7.067267920820003,39.84554107002599,-32.77827314920599
ETTm2,0.7368077635765076,9.404649035183839,-26.086818736860895,35.491467772044736
ETTm2,0.7582345008850098,-6.379981385055138,3.778933448492921,-10.158914833548058
ETTm2,0.7620337605476379,6.852504671397224,-0.1361219753886419,6.988626646785866
ETTm2,0.8634256720542908,0.19525828329904066,24.128400805537208,-23.933142522238168
ETTm2,0.86570143699646,31.209855929875935,-2.1838698648024693,33.3937257946784
ETTm2,0.852948784828186,-42.65205582991282,-27.781299348691007,-14.870756481221811
ETTm2,0.8589032888412476,-0.13380262720913288,-3858.48358867077,3858.349786043561
ETTm2,0.9304217100143433,24.155276707378697,59.475672872402065,-35.32039616502337
ETTm2,0.9328301548957825,31.644506785738137,14.508188267000929,17.13631851873721
ETTm2,0.9361799359321594,24.035033403728622,-6.456789456603697,30.49182286033232
ETTm2,0.7712915539741516,21.868006788757167,8.859326950266233,13.008679838490934
ETTm2,0.7415575385093689,-0.8588843157065444,7.891908176135039,-8.750792491841583
ETTm2,0.7062550187110901,19.44425474187747,1.5123947021995885,17.93186003967788
ETTm2,0.697007954120636,-25.64686049919434,-63.50229418589407,37.85543368669973
ETTm2,0.7032213807106018,42.147436479723396,3.375234504025773,38.77220197569763
ETTm2,0.7263442873954773,1.0701993604070092,47.39732617892485,-46.32712681851784
ETTm2,0.7326470613479614,22.309348540107603,12.66143257670082,9.647915963406783
ETTm2,0.7558202147483826,3.890428409521063,-8.983586384898246,12.874014794419308
ETTm2,0.8269109725952148,0.211717378115023,75.86594789664339,-75.65423051852837
ETTm2,0.8487620949745178,8.359945817647855,-9.562002562548583,17.92194838019644
ETTm2,0.8328341841697693,-34.23067177145621,-1.841909030488695,-32.388762740967515
ETTm2,0.7885487675666809,31.047525389790543,39.95751512426444,-8.909989734473896
ETTm2,0.7864563465118408,0.771955740006698,3.4435501632207886,-2.6715944232140907
ETTm2,0.75993412733078,-0.40259270129073865,3.861489527602376,-4.264082228893114
ETTm2,0.7620159983634949,6.064191620744765,15.447826199290592,-9.383634578545827
ETTm2,0.7672132253646851,6.855912383981626,-2.246780581377215,9.102692965358841
ETTm2,0.8101891279220581,-0.19975920150565285,-34.46177024472562,34.26201104321997
ETTm2,0.8905564546585083,-19.4135891394882,-757.0955604401831,737.681971300695
ETTm2,0.9276108741760254,0.12660591986205827,56.464942264507066,-56.33833634464501
ETTm2,0.9279534220695496,19.528423276532614,60.89932512911247,-41.370901852579856
ETTm2,0.9142266511917114,0.6974277567180632,0.36044470985726856,0.33698304686079467
ETTm2,0.8253082633018494,1.366139275344978,3.2347964449205193,-1.8686571695755414
ETTm2,0.7496102452278137,15.485422926801974,15.40194605458359,0.08347687221838385
ETTm2,0.6996896266937256,0.455707921669579,10.733695523659753,-10.277987601990175
ETTm2,0.6879955530166626,0.031870238777732526,7.808859972502118,-7.776989733724386
ETTm2,0.734898567199707,22.99809980692983,3.997010154014998,19.001089652914832
ETTm2,0.7634553909301758,-2.7113313531905723,-13.231235569843532,10.51990421665296
ETTm2,0.7391263842582703,-1.5017042619369247,-16.63710691410025,15.135402652163325
ETTm2,0.7394317984580994,12.49059881532784,-184.95493549775424,197.44553431308208
ETTm2,0.6999569535255432,30.114284772499612,-4.209143070646737,34.32342784314635
ETTm2,0.7510181069374084,20.39100572197676,1.3685887665374172,19.022416955439343
ETTm2,0.8022827506065369,-9.677907200098046,-27.802899098382134,18.124991898284087
ETTm2,0.7490838170051575,7.695540614223195,24.288346121723308,-16.592805507500113
ETTm2,0.7689350247383118,3.0957847621366557,34.71254289159027,-31.61675812945361
ETTm2,0.7710708379745483,-1.0332804009521765,3.507338683566224,-4.540619084518401
ETTm2,0.7592413425445557,-25.404051203517902,-228.11059987542097,202.70654867190308
ETTm2,0.7433328032493591,-1.9150979386732385,14.13214942761694,-16.04724736629018
ETTm2,0.7648556232452393,-11.930781670899464,-37.21936190450014,25.288580233600676
ETTm2,0.8126875162124634,1.037419700717079,32.301251358860625,-31.263831658143545
ETTm2,0.8069080114364624,-3.5304363710505506,2.526104397292413,-6.0565407683429635
ETTm2,0.8086287975311279,-1.533458649831196,-0.3263710785438698,-1.2070875712873261
ETTm2,0.7898088693618774,-52.35243888089971,-0.6610347693801243,-51.69140411151959
ETTm2,0.8240853548049927,-0.4114598173336443,-17.6748900818643,17.26343026453066
ETTm2,0.73746258020401,7.287658686581794,-3.195840696480299,10.483499383062092
ETTm2,0.805633544921875,0.23609393115931054,42.01458845450702,-41.77849452334771
ETTm2,0.8006995320320129,-0.05946888371857481,-1.8740593194956574,1.8145904357770826
ETTm2,0.8358352184295654,14.639110999805185,6.935253733059324,7.703857266745861
ETTm2,0.8599730730056763,30.033947409739326,21.45976347048183,8.574183939257498
ETTm2,0.8790816068649292,38.005392801559424,-10.674967564010359,48.68036036556978
ETTm2,0.8220230937004089,-6.671912272031136,-59.93075421162932,53.258841939598184
ETTm2,0.7740185856819153,8.502909212263672,0.20618407115599474,8.296725141107677
ETTm2,0.7440999150276184,7.001924374842332,13.458296626686689,-6.456372251844357
ETTm2,0.7387077808380127,12.16474361867809,-1.797731410180003,13.962475028858092
ETTm2,0.7525807023048401,27.982855083797865,0.6525253030454591,27.330329780752407
ETTm2,0.7891154885292053,0.016823406209550612,-0.06736603548185904,0.08418944169140966
ETTm2,0.8279483318328857,14.053393242860304,-3.682427288649333,17.73582053150964
ETTm2,0.85190749168396,33.04688047369563,2.3362332320518067,30.710647241643823
ETTm2,0.839503288269043,36.3520132728825,2.1221365682653834,34.22987670461712
ETTm2,0.8405484557151794,-193.00428806633255,2.2503955256316788,-195.25468359196424
ETTm2,0.8646233677864075,8.723816977173655,-33.60190340181308,42.32572037898674
ETTm2,0.8448522686958313,18.44965577096478,3.4831799761741515,14.96647579479063
ETTm2,0.7491046190261841,-12.301027437361533,-32.673906505605665,20.37287906824413
ETTm2,0.8085343241691589,-96.82603370204392,-165.00821318221585,68.18217948017194
ETTm2,0.8451809287071228,54.656651471155236,-289.00512903985884,343.66178051101406
ETTm2,0.8309159278869629,-33.59455732219626,-316.7143389447885,283.11978162259226
ETTm2,0.8237132430076599,11.62948642508245,54.79920856326134,-43.16972213817889
ETTm2,0.7897323369979858,7.035022033461812,0.13218582369027757,6.902836209771534
ETTm2,0.7660009860992432,-1.135591344276959,-23.987253351071054,22.851662006794093
ETTm2,0.8636239767074585,-2.7348532948906485,19.04808592164712,-21.78293921653777
ETTm2,0.8928790092468262,-5.288355555380989,-19.747632427676674,14.459276872295685
ETTm2,0.8945353627204895,-6.129420956420644,-36.0878473827423,29.95842642632165
ETTm2,0.8571087121963501,-16.069055461218788,-98.41267424629685,82.34361878507806
ETTm2,0.8686203956604004,-1.885408416949285,10.970878898416226,-12.856287315365512
ETTm2,0.8465243577957153,-6.756755739193136,6.015159035995068,-12.771914775188204
ETTm2,0.8486917614936829,-8.67438994535769,-21.303982864570962,12.629592919213271
ETTm2,0.8747733235359192,51.078961853487556,86.11906432175415,-35.040102468266596
ETTm2,0.8898147344589233,1.4329012528255316,-740.0153153294631,741.4482165822886
ETTm2,0.8421483039855957,13.500665837158918,-11.397870263133019,24.898536100291935
ETTm2,0.7855029106140137,8.039875420150628,-183.82695481579094,191.86683023594156
ETTm2,0.7536211609840393,-25.583390649238712,-444.95757623453994,419.37418558530123
ETTm2,0.7593187689781189,26.76317297914635,50.13815581604629,-23.374982836899942
ETTm2,0.7653118371963501,3.0904422700075864,38.05805762132701,-34.967615351319424
ETTm2,0.7487187385559082,-0.20976216943537537,14.80977206935862,-15.019534238793996
ETTm2,0.7653445601463318,-47.73436031996796,-68.27133172674439,20.53697140677643
ETTm2,0.7950044870376587,-3.6395599260765867,-174.60298776028765,170.96342783421105
ETTm2,0.8199562430381775,0.13013212663975782,-72.99765073158426,73.12778285822401
ETTm2,0.8222815990447998,-2.1062223930279225,-11.310488448277528,9.204266055249606
ETTm2,0.8917553424835205,-7.771731710303155,-127.7909252877476,120.01919357744444
ETTm2,0.9363110065460205,25.339191451211956,-1.4572209028293002,26.796412354041255
ETTm2,0.9391648173332214,9.780052829802772,-0.017427673775061835,9.797480503577834
ETTm2,0.919689416885376,-2.6547033424341193,-41.42627246344938,38.77156912101526
ETTm2,0.8263295292854309,-54.22778789269308,-205.8000075656277,151.57221967293464
ETTm2,0.8868092894554138,-66.4083126676418,-2805.1927724618654,2738.7844597942235
ETTm2,0.8606457114219666,8.637544314755766,77.12901869540218,-68.49147438064641
ETTm2,0.8563150763511658,-78.20456590826315,1.2185389795880697,-79.42310488785122
ETTm2,0.809450626373291,27.37200241614235,15.720046711459023,11.651955704683328
ETTm2,0.8418516516685486,1.1464488551581016,-39.29553639888208,40.441985254040176
ETTm2,0.90430748462677,-4.459696558855317,-19.588371664526207,15.12867510567089
ETTm2,0.8596368432044983,-8.325563051454123,6.394966631797219,-14.720529683251343
ETTm2,0.7897142171859741,-0.1337121187180064,-39.02094734947866,38.88723523076065
ETTm2,0.8065871596336365,-30.150027995156186,-133.7971275667652,103.647099571609
ETTm2,0.8366889357566833,-3.5232115146002516,-253.57791796507283,250.05470645047257
ETTm2,0.8215296864509583,24.09594723581193,89.65659896804765,-65.56065173223571
ETTm2,0.8407144546508789,-2.596619572443366,63.06215311975782,-65.65877269220118
ETTm2,0.7907552719116211,-0.961736062179104,17.889573696152564,-18.851309758331666
ETTm2,0.7663990259170532,-10.839628747284843,-32.29035672270922,21.45072797542438
ETTm2,0.8636375665664673,2.941440328376109,4.815325733002671,-1.8738854046265616
ETTm2,0.9053391218185425,3.4899412218035635,0.06658698178525319,3.4233542400183103
ETTm2,0.8683150410652161,18.865058542431047,-0.0139413233962758,18.87899986582732
ETTm2,0.8499460220336914,21.388558838838122,-83.00324009534486,104.39179893418299
ETTm2,0.8456190824508667,-7.41621213353926,-435.6690432884471,428.2528311549078
ETTm2,0.8220240473747253,6.791410147245508,48.96135493907441,-42.169944791828904
ETTm2,0.7743868827819824,-4.819416204015155,-153.4919376983611,148.67252149434597
ETTm2,0.7811440229415894,3.5306652013630258,28.694942972178982,-25.164277770815957
ETTm2,0.7558538317680359,4.08207209996011,-0.4648476893548495,4.546919789314959
ETTm2,0.756486177444458,1.3041664604670817,-87.89838511163529,89.20255157210238
ETTm2,0.7743524312973022,9.193450810357032,41.72314120211445,-32.52969039175741
ETTm2,0.7768123149871826,-7.001270436449851,23.08107769699835,-30.0823481334482
ETTm2,0.7876656651496887,5.402994063363728,29.13215350452471,-23.72915944116098
ETTm2,0.7825162410736084,5.652812001603142,2.6666417272418976,2.986170274361244
ETTm2,0.8004231452941895,0.554491756084536,0.09992325498933109,0.45456850109520497
ETTm2,0.798785388469696,22.44761532516334,-107.89675965121303,130.34437497637637
ETTm2,0.7699891924858093,11.810749583770772,82.60986993499401,-70.79912035122324
ETTm2,0.7673185467720032,5.084679569531546,3.8830260514320125,1.2016535180995334
ETTm2,0.7735591530799866,56.727321007543864,9.883198425789876,46.844122581753986
ETTm2,0.7425738573074341,1.979122326510833,-26.729977213181204,28.709099539692037
ETTm2,0.786360502243042,-0.04041069734527689,-57.625654414364845,57.585243717019566
ETTm2,0.8621947765350342,-18.416606585312536,-526.2210522956476,507.8044457103351
ETTm2,0.8904174566268921,0.18787032686351005,-49.53072073148372,49.71859105834723
ETTm2,0.8867521286010742,28.274938151296077,30.803974362787173,-2.5290362114910963
ETTm2,0.8107655048370361,12.274762856752751,15.086633740942618,-2.811870884189867
ETTm2,0.7923280000686646,-0.14725738063466745,-64.29324353133464,64.14598615069997
ETTm2,0.8690846562385559,18.46577692001004,-1.3087213432632432,19.774498263273284
ETTm2,0.8892963528633118,-2.9527074755151808,59.412598323665364,-62.36530579918055
ETTm2,0.842896044254303,0.24667381714568384,-19.31694232609372,19.563616143239404
ETTm2,0.8500745892524719,0.3151410474893522,-1.230926460105316,1.5460675075946682
ETTm2,0.802725613117218,13.184418406764104,16.86517139440416,-3.680752987640057
ETTm2,0.8090329170227051,-8.979544541644408,-4.349709578923069,-4.629834962721339
ETTm2,0.7881706357002258,20.153600239113693,0.5513932448292187,19.602206994284476
ETTm2,0.7840303182601929,4.3228431082789385,-0.7075900409996154,5.030433149278554
ETTm2,0.7562263607978821,13.16876610799359,-30.813173221214257,43.98193932920785
ETTm2,0.7970924973487854,33.14119608936312,-173.8546585429217,206.99585463228482
ETTm2,0.842099666595459,-3.0516080454994894,-4.7972969030024615,1.745688857502972
ETTm2,0.8142498135566711,-1.4603495853347503,5.555423688464097,-7.015773273798847
ETTm2,0.7544174790382385,-8.233616069959497,1.4020586992237065,-9.635674769183204
ETTm2,0.7621013522148132,-0.09825401258848293,-9.590770510160633,9.49251649757215
ETTm2,0.7560679912567139,3.434240901751294,-36.16934947298315,39.603590374734445
ETTm2,0.7465407252311707,12.311713902165026,-54.76884098814122,67.08055489030625
ETTm2,0.7435548305511475,-7.169656811700033,58.56632868806805,-65.73598549976808
ETTm2,0.7370401620864868,-22.97499636505708,-86.54583066479209,63.57083429973501
ETTm2,0.7497202157974243,-1.0048509736087068,-164.2165100974039,163.2116591237952
ETTm2,0.7723783254623413,-8.724920669249856,44.783567181485246,-53.5084878507351
ETTm2,0.767833948135376,-3.6572726554824166,6.370090021041121,-10.027362676523538
ETTm2,0.8393407464027405,19.326930191450476,0.8030727274104343,18.52385746404004
ETTm2,0.8440124988555908,-0.11833598741706366,-37.534101287909984,37.41576530049292
ETTm2,0.8493414521217346,0.7508659323572796,-112.83094077169775,113.58180670405504
ETTm2,0.8463210463523865,10.896663335754091,-1304.9048983376406,1315.8015616733946
ETTm2,0.8572216033935547,0.45477519877179917,-181.05044153755526,181.50521673632707
ETTm2,0.8065724968910217,-5.452807519800605,65.41352156794501,-70.86632908774561
ETTm2,0.7595864534378052,-4.515185796800699,0.30328101864776963,-4.818466815448469
ETTm2,0.7621947526931763,23.494407390035853,20.795633800737505,2.698773589298348
ETTm2,0.7563396692276001,-7.642124839029335,9.307248112076861,-16.949372951106195
ETTm2,0.7597176432609558,0.8933629834272242,4.93619702220012,-4.042834038772896
ETTm2,0.7975782155990601,61.61566237050518,-13.801246849730346,75.41690922023552
ETTm2,0.8075780272483826,32.32460754516597,-27.60594551328046,59.93055305844643
ETTm2,0.8067708015441895,-71.96856279865975,-97.37762518394905,25.409062385289303
ETTm2,0.8842449188232422,-0.4822613248485373,40.260088269322516,-40.74234959417105
ETTm2,0.8542306423187256,7.546335658274566,-9.893616920541636,17.439952578816204
ETTm2,0.8627344965934753,0.21404523184710994,-19.930438464990743,20.144483696837852
ETTh1,0.460042268037796,-1.0512888061873185,-0.03539817455681407,-1.0158906316305043
ETTh1,0.3438431918621063,18.052931027048633,-5.177194483468006,23.23012551051664
ETTh1,0.7080597877502441,0.6984719864417729,3.8518194241077275,-3.1533474376659547
ETTh1,0.7280444502830505,0.06307361272134343,5.720939274943864,-5.6578656622225205
ETTh1,0.6516608595848083,-0.21950964082829127,-42.70149748585113,42.481987845022836
ETTh1,0.6849307417869568,7.371760617755546,11.436212960409566,-4.06445234265402
ETTh1,0.4612744152545929,-7.471910162493886,2.0088374309096557,-9.480747593403542
ETTh1,0.40531080961227417,6.951574869550642,5.383754518667586,1.5678203508830562
ETTh1,0.583331823348999,0.2837715054415977,-9.751297217025092,10.03506872246669
ETTh1,0.43000736832618713,-0.21402201075433383,-16.59218795463798,16.378165943883644
ETTh1,0.507749080657959,2.5488818958441652,6.808963250194533,-4.260081354350367
ETTh1,0.4662455916404724,25.029640351827403,24.795969626376817,0.23367072545058676
ETTh1,0.5240498781204224,0.9629765821431306,-0.2899408851293624,1.252917467272493
ETTh1,0.7045088410377502,2.681273761518339,-7.774466173727558,10.455739935245898
ETTh1,0.7710534334182739,5.6538147310097395,1.9772823140750961,3.676532416934643
ETTh1,0.7507369518280029,11.198771326282584,0.9224437780509243,10.27632754823166
ETTh1,0.7609872817993164,1.8535532942879658,10.361392774919857,-8.50783948063189
ETTh1,0.7661377787590027,0.13375016331527997,13.099998451030334,-12.966248287715054
ETTh1,0.715354859828949,7.3441200230523185,26.791204131297548,-19.447084108245228
ETTh1,0.8340553045272827,5.264469461112421,21.372216902370837,-16.107747441258418
ETTh1,0.8544129133224487,13.264378244039765,2.6721980293833028,10.592180214656462
ETTh1,0.826008141040802,-9.496476869172035,-16.845623997405063,7.349147128233028
ETTh1,0.7836893796920776,1.0525211609839649,0.1581546949956009,0.894366465988364
ETTh1,0.7672716379165649,2.6403579762209133,23.81297593129186,-21.172617955070947
ETTh1,0.5864375829696655,1.6939813999524125,24.119956080841835,-22.42597468088942
ETTh1,0.39909827709198,-0.15557265438756793,-7.165387689298955,7.009815034911387
ETTh1,0.44591328501701355,0.03411636774404751,-0.09814955034454,0.1322659180885875
ETTh1,0.41608113050460815,2.700122190089007,8.02357852696824,-5.323456336879233
ETTh1,0.33594340085983276,-2.865372482365435,-14.163307622262987,11.297935139897552
ETTh1,0.4050194025039673,-0.5951490276125548,-6.612446104354694,6.017297076742139
ETTh1,0.6163297295570374,24.197305399606368,36.36060757911576,-12.16330217950939
ETTh1,0.6537829637527466,12.100217386100153,13.720311549248274,-1.6200941631481207
ETTh1,0.6777338981628418,-5.558347549840875,-14.778293305200608,9.219945755359731
ETTh1,0.7547546625137329,4.2150075494384955,15.02852647504708,-10.813518925608584
ETTh1,0.6922475099563599,17.676360855425045,14.136185067926773,3.5401757874982724
ETTh1,0.7243343591690063,-2.1405816062617418,9.25150546746192,-11.392087073723662
ETTh1,0.7666476964950562,-2.705325366574306,3.78300230272407,-6.488327669298376
ETTh1,0.7397939562797546,-1.616585082825204,15.661140789481696,-17.2777258723069
ETTh1,0.7781652212142944,-0.8578758338964407,-24.679768445311133,23.821892611414693
ETTh1,0.7222232222557068,20.387368958920142,-1.3213139087758146,21.708682867695956
ETTh1,0.7245873808860779,29.892440512694368,25.012883106636757,4.879557406057611
ETTh1,0.6346415877342224,-10.800220876398628,-78.94081353820467,68.14059266180604
ETTh1,0.7268505096435547,27.2903471649758,49.27273946915223,-21.98239230417643
ETTh1,0.647895872592926,-0.459451608198745,10.443378757392779,-10.902830365591523
ETTh1,0.5285584330558777,0.1791376720326441,-4.14395817881765,4.323095850850295
ETTh1,0.539754331111908,-0.29820298670709067,-2.7916961824794138,2.493493195772323
ETTh1,0.5837082862854004,0.04875430271406482,9.502037378599978,-9.453283075885913
ETTh1,0.6429038047790527,0.12995117929711064,28.434853299946393,-28.30490212064928
ETTh1,0.712052583694458,17.62122935665805,2.361872528465042,15.259356828193006
ETTh1,0.7301479578018188,16.223810607179356,-6.1635160477996624,22.38732665497902
ETTh1,0.7877016663551331,-1.5129323861898338,-19.03720558643904,17.524273200249205
ETTh1,0.6329978704452515,-0.1845319888176326,-0.340774123256244,0.1562421344386114
ETTh1,0.5539547204971313,-18.963598350444432,4.055462621764415,-23.019060972208848
ETTh1,0.47102558612823486,-52.08095925075716,-24.0754392395417,-28.00552001121546
ETTh1,0.5188238024711609,3.7815982022875194,8.975699555654973,-5.194101353367454
ETTh1,0.44282007217407227,4.553177049984254,-16.95623835747928,21.509415407463532
Weather,0.7415561079978943,-17.81427205920865,-10.924278039616201,-6.88999401959245
Weather,0.765113353729248,-0.41945020575633346,-2.046134792276311,1.6266845865199777
Weather,0.6814874410629272,36.09079564708491,23.972909647517575,12.117885999567335
Weather,0.6713500022888184,13.319849316027168,-7.629490216289474,20.949339532316642
Weather,0.6856166124343872,2.4571503035803697,4.65574756816326,-2.1985972645828906
Weather,0.7893571853637695,-5.414096863287989,-2.1458228126759025,-3.268274050612087
Weather,0.8102289438247681,29.846649965611356,18.833895897409164,11.012754068202192
Weather,0.8792491555213928,13.825000824917064,2.6210243983272496,11.203976426589815
Weather,0.8835457563400269,-19.10734247621125,0.113051639565014,-19.220394115776266
Weather,0.8851351141929626,-31.66030052829675,4.228657541440228,-35.88895806973698
Weather,0.442078173160553,12.407194119337603,-6.068318046802279,18.475512166139882
Weather,0.6337212920188904,20.33001046186487,7.940155655431893,12.389854806432977
Weather,0.6390538215637207,40.85777938384265,38.119921034191464,2.7378583496511837
Weather,0.638458251953125,6.364267729498952,3.013821509576104,3.3504462199228477
Weather,0.842074990272522,0.5448960500258392,41.60526737559954,-41.0603713255737
Weather,0.8296263217926025,-0.3408464840327004,-12.641104970792991,12.30025848676029
Weather,0.9000635743141174,18.83841298583892,-12.661971874196787,31.50038486003571
Weather,0.88530033826828,-1.2114900124982055,22.081303504473897,-23.292793516972104
Weather,0.894721508026123,0.19257608436050747,-0.8977713137320162,1.0903473980925238
Weather,0.7126263976097107,-12.215515815610377,-38.680988941476926,26.46547312586655
Weather,0.9012786149978638,4.408204920955477,-0.05002962228539371,4.45823454324087
Weather,0.8703224062919617,30.07889231493961,20.794747094978096,9.284145219961513
Weather,0.8429152965545654,-31.422767930042667,-70.65113975460395,39.22837182456128
Weather,0.8195440173149109,24.138722563568226,-8.077270809858506,32.215993373426734
Weather,0.7336451411247253,5.848796477789805,4.662492247683217,1.1863042301065878
Weather,0.7266684770584106,5.850281666770469,1.199022212932573,4.651259453837896
Weather,0.7822933793067932,0.16455872409815853,-32.34437997703981,32.508938701137964
Weather,0.8055676221847534,-9.154720359846005,16.47353697980777,-25.62825733965377
Weather,0.7874742746353149,-5.030861998087765,-0.5981748737460197,-4.432687124341745
Weather,0.7272447347640991,0.40183256394990213,6.628310064803605,-6.2264775008537026
Weather,0.6154184341430664,-74.5294521719286,-399.0513602043495,324.5219080324209
Weather,0.7917910814285278,10.756558549851448,-1.2526333372489473,12.009191887100396
Weather,0.7651041150093079,8.60463008649944,48.68723750738247,-40.08260742088303
Weather,0.8434503078460693,8.699396984970512,7.76019662481434,0.939200360156172
Weather,0.8202894330024719,13.427563286593976,-9.00903361201596,22.436596898609935
Weather,0.7922148108482361,-49.39015321291115,1.4859794850431132,-50.87613269795426
Weather,0.8122196793556213,-16.932820389439097,-45.42255676577431,28.489736376335212
Weather,0.773723304271698,-0.3366769342528007,-190.09117663556057,189.75449970130776
Weather,0.7989197969436646,12.203910872686121,-0.07444665115352465,12.278357523839645
Weather,0.8372486233711243,9.725783926795312,0.37749512001738883,9.348288806777923
Weather,0.7604303359985352,8.850245594615696,-21.767103169504757,30.617348764120454
Weather,0.7881475687026978,8.058232379555939,-12.861691051384568,20.919923430940507
Weather,0.8286071419715881,-0.7230060119739671,-2.7536231026262903,2.0306170906523233
Weather,0.7730161547660828,-23.393410146402406,-79.17461180608343,55.78120165968103
Weather,0.8340087532997131,41.90188762208565,55.796320993236414,-13.894433371150761
Weather,0.8537880182266235,-11.467783177897926,-0.7244648727874246,-10.743318305110503
Weather,0.8469880223274231,13.092791433949696,10.576105184022627,2.5166862499270692
Weather,0.8280234336853027,0.08432066561337928,4.246166862099692,-4.161846196486312
Weather,0.7725969552993774,24.0667468927006,41.35938198433507,-17.292635091634473
Weather,0.8405454754829407,10.976480102769111,8.733282953875028,2.243197148894083
Weather,0.7951636910438538,41.099302864075675,4.785809676316473,36.3134931877592
Weather,0.738659143447876,-20.639692579452706,15.65820095833786,-36.297893537790564
Weather,0.7697739601135254,-3.1930579723144614,-16.460304947578685,13.267246975264223
Weather,0.8449943661689758,-0.7609330164766854,-6.326414045647996,5.565481029171311
Weather,0.8700105547904968,14.444515768788726,28.904296312312994,-14.459780543524268
Weather,0.844520092010498,-0.003277299590463601,23.398532526083375,-23.40180982567384
Weather,0.8601473569869995,26.810038697094434,-13.52341201231775,40.33345070941218
Weather,0.8730637431144714,-6.301282665254961,0.16965018466215573,-6.470932849917117
Weather,0.8493120074272156,10.469753463381785,33.51904631384342,-23.049292850461633
Weather,0.7662841081619263,75.49294274750338,69.19741047531744,6.2955322721859375
Weather,0.6790414452552795,13.993314173930962,10.910484443221744,3.082829730709218
Weather,0.7693673372268677,-17.630135597503283,10.16120214831695,-27.791337745820233
Weather,0.7974215745925903,23.03528162593705,-18.757365880676453,41.792647506613505
Weather,0.8489396572113037,-19.16218394246166,1.257623486926081,-20.419807429387742
Weather,0.8231805562973022,17.489937853002164,11.026903375083247,6.463034477918917
Weather,0.819687008857727,9.10527594149201,3.2349585579348648,5.870317383557145
Weather,0.7667433023452759,-14.264803099441895,-39.446179261397766,25.18137616195587
Weather,0.7798423171043396,1.0826749062790166,35.21576229870775,-34.133087392428735
Weather,0.8313177824020386,57.50178924221747,23.78804788349909,33.71374135871838
Weather,0.8733465075492859,-15.74107619680835,-10.792619032609899,-4.948457164198452
Weather,0.8534578680992126,-0.6150418674521161,-21.708298619665833,21.093256752213716
Weather,0.8777326941490173,-94.80026460109289,-7.303530036447753,-87.49673456464514
Weather,0.8930810689926147,47.80345858476747,45.98785526587743,1.815603318890041
Weather,0.8856602311134338,2.386884153389776,4.7535281972954735,-2.3666440439056973
Weather,0.7930322885513306,-52.74452157389155,-39.7294430111817,-13.015078562709846
Weather,0.8602672219276428,5.419158211607185,-42.990821946081425,48.40998015768861
Weather,0.8098199963569641,-1.2921789898764735,3.805413384929464,-5.097592374805938
Weather,0.8922590613365173,-0.1706931845373024,0.5287523526205242,-0.6994455371578266
Weather,0.8692577481269836,-15.457177313248858,-18.142878293643125,2.6857009803942677
Weather,0.883952796459198,0.59278011043859,23.2448595459267,-22.652079435488112
Weather,0.8851606845855713,38.93142990113048,8.647159733533922,30.284270167596556
Weather,0.8825801014900208,36.69148988517319,30.12274074884127,6.56874913633192
Weather,0.8329185843467712,16.905402725549106,4.418710766715904,12.486691958833202
Weather,0.7286191582679749,-71.81869978746815,-142.55303498485145,70.7343351973833
Weather,0.7639747262001038,2.093601298637383,22.130590174723018,-20.036988876085637
Weather,0.7892992496490479,11.11944367514031,-14.134897061064109,25.25434073620442
Weather,0.7708373069763184,39.34132682641494,37.19737505016389,2.1439517762510505
Weather,0.8357641696929932,43.08853246401771,14.998098913302501,28.09043355071521
Weather,0.8308053612709045,8.70625374253004,-1.1654547724052797,9.87170851493532
Weather,0.7812060117721558,-40.14361371238145,1.6911188360266105,-41.83473254840806
Weather,0.744178295135498,0.04462101481148347,-78.30889875113051,78.353519765942
Weather,0.8942258954048157,8.780178690320389,2.3484065763855537,6.431772113934835
Weather,0.8587111234664917,-31.926898579904638,-37.73484947570486,5.807950895800225
Weather,0.864790678024292,-12.53093723261208,-254.13451340630567,241.6035761736936
Weather,0.8468976616859436,34.037554390643386,14.674296184655953,19.363258205987435
Weather,0.8561187982559204,15.431149730128327,25.170762149817367,-9.73961241968904
Weather,0.8434774279594421,38.377330328475075,30.841699436808945,7.5356308916661305
Weather,0.7211259603500366,1.9650940956049454,20.778895345255158,-18.81380124965021
Weather,0.7985122203826904,9.174953645876304,-0.22173294917629016,9.396686595052595
Weather,0.7589527368545532,-37.63566100119152,-46.05654801290863,8.420887011717106
Weather,0.7455310821533203,30.214430679645936,15.39616368997667,14.818266989669267
Weather,0.7528082132339478,0.5296952955819257,6.07583062704353,-5.546135331461604
Weather,0.7588719129562378,26.219351913367294,28.243376389468573,-2.0240244761012782
Weather,0.6942474842071533,6.4660861979809425,-0.660810832370604,7.126897030351547
ETTm1,0.7498456835746765,3.5696518820732903,-15.59742201942837,19.16707390150166
ETTm1,0.7812084555625916,-1.2948479244832265,41.48497177877214,-42.77981970325537
ETTm1,0.8203323483467102,2.180408594809025,-3.8316978781339563,6.012106472942982
ETTm1,0.8466992974281311,-12.171675227565846,-58.75962635216234,46.5879511245965
ETTm1,0.8170756697654724,-17.644814053230338,-43.73416430507679,26.08935025184645
ETTm1,0.8337841629981995,4.389982592728726,28.462653222764455,-24.07267063003573
ETTm1,0.8145250082015991,2.7178694490417854,31.884819852568373,-29.166950403526588
ETTm1,0.8619065284729004,0.7396691315185434,49.317953688175734,-48.57828455665719
ETTm1,0.8915591239929199,-33.659212167236554,-34.772475744506266,1.1132635772697128
ETTm1,0.8884404301643372,8.721875360876075,29.651735726101574,-20.9298603652255
ETTm1,0.865863025188446,-1.13244906690481,2.092310341725562,-3.224759408630372
ETTm1,0.8537620306015015,-2.69352070456281,20.03621010479302,-22.729730809355832
ETTm1,0.8336094617843628,-25.898367532814465,-57.4775419350239,31.579174402209436
ETTm1,0.7416142225265503,1.9957145907905656,7.141584912366043,-5.145870321575478
ETTm1,0.7748696208000183,-0.9839936137070145,0.0,-0.9839936137070145
ETTm1,0.6873396635055542,23.11491994863635,7.082599567815315,16.032320380821034
ETTm1,0.686617910861969,20.024470907852123,18.64964602774316,1.3748248801089638
ETTm1,0.6832994222640991,-8.495593574757965,0.00042810845985127513,-8.496021683217817
ETTm1,0.7298480868339539,-14.62388778482474,-26.592990485896994,11.969102701072254
ETTm1,0.798910915851593,-0.3052055980338678,-25.546367653274128,25.24116205524026
ETTm1,0.8081430792808533,0.5214661978888699,-512.5707564075663,513.0922226054552
ETTm1,0.8936467170715332,1.9257461118565178,-125.229683637054,127.1554297489105
ETTm1,0.8791558146476746,11.507963482338509,3.065918339966907,8.442045142371601
ETTm1,0.8032921552658081,-16.284483921201844,-0.3725659049905364,-15.911918016211308
ETTm1,0.7400758862495422,-9.877796342348914,1.1486588798805022,-11.026455222229416
ETTm1,0.8057476878166199,9.916819786140605,-52.78985899069498,62.70667877683559
ETTm1,0.8399571776390076,-0.13740520397662104,-109.32826550900265,109.19086030502602
ETTm1,0.8104358911514282,6.022452485306175,-14.651779562285276,20.674232047591452
ETTm1,0.8225751519203186,-6.93910753014344,-1.5100496000300887,-5.429057930113352
ETTm1,0.7421250343322754,10.39351593199556,45.04237553375271,-34.64885960175715
ETTm1,0.7805539965629578,0.44031384013426483,13.586464857177704,-13.14615101704344
ETTm1,0.7581556439399719,-5.719532172830723,-6.802762793675145,1.0832306208444216
ETTm1,0.8335179686546326,-1.356791352099247,-334.33213845985904,332.9753471077598
ETTm1,0.886541485786438,-2.1871699265876012,17.882762999131195,-20.069932925718796
ETTm1,0.9204409718513489,-0.2702541429961294,1.510717494093576,-1.7809716370897053
ETTm1,0.9025543928146362,-0.6009996810119909,-5.79527512510538,5.194275444093389
ETTm1,0.7777183055877686,-7.016056698920649,-1.298308628474261,-5.7177480704463886
ETTm1,0.8053157329559326,0.18460196107205382,12.91940424413186,-12.734802283059805
ETTm1,0.7683755159378052,22.107035134819995,63.17223901133651,-41.06520387651651
ETTm1,0.7471811175346375,3.2429099868117204,5.40857890013077,-2.16566891331905
ETTm1,0.7066924571990967,0.7156546572743293,57.231605150346944,-56.515950493072616
ETTm1,0.7337127923965454,-16.470943907743976,7.800586407547224,-24.2715303152912
ETTm1,0.7610164284706116,-2.143547029990144,21.87533648009703,-24.018883510087175
ETTm1,0.7644442915916443,-0.019014934295741123,0.1583013207275626,-0.17731625502330373
ETTm1,0.7770571708679199,23.23865533518574,-0.1359328071436125,23.37458814232935
ETTm1,0.8369895219802856,0.5660892028257885,-59.86045272501692,60.426541927842706
ETTm1,0.8799837231636047,2.9380392470744847,12.820416388867905,-9.88237714179342
ETTm1,0.9116852283477783,20.82390580608845,7.6350024318690615,13.18890337421939
ETTm1,0.8920831084251404,24.928913632861534,8.01920185918679,16.909711773674744
ETTm1,0.7755144834518433,-1.2361633589078347,2.641086589085453,-3.8772499479932874
ETTm1,0.8210828304290771,1.7428157914462161,-2.2993281398419807,4.042143931288197
ETTm1,0.7867392897605896,27.01330826179611,-66.85104655609034,93.86435481788645
ETTm1,0.6360794305801392,-1.8699589161315244,-13.04680371770548,11.176844801573955
ETTm1,0.6254907250404358,-5.975931966658518,-20.99123010662598,15.015298139967463
ETTm1,0.661915123462677,-5.684533763214815,-91.89739469879689,86.21286093558207
ETTm1,0.7062481045722961,7.591499493317176,1.8939114398588874,5.697588053458289
ETTm1,0.6881960034370422,5.125632648877525,31.72047934498739,-26.594846696109865
ETTm1,0.7477949261665344,-4.961582101340088,-2.301991661753252,-2.6595904395868364
ETTm1,0.7405790686607361,7.348210766499539,-5.309711185595004,12.657921952094544
ETTm1,0.7669975757598877,11.805669230786867,38.270127721286784,-26.464458490499915
ETTm1,0.8173649907112122,-0.023505459035262872,-1.8604197064694454,1.8369142474341826
ETTm1,0.8134185671806335,14.187079843554734,41.40618151060734,-27.219101667052605
ETTm1,0.8365597128868103,0.5594492615596102,-52.3764834220544,52.935932683614006
ETTm1,0.8683719635009766,11.920691733972486,0.8071202289578614,11.113571505014624
ETTm1,0.8683211207389832,1.048989690972933,20.40960371777546,-19.360614026802526
ETTm1,0.8483476042747498,0.5923091336043858,1.2350502465625395,-0.6427411129581537
ETTm1,0.7993156313896179,-53.349778733577914,-167.0812369718934,113.73145823831547
ETTm1,0.8654850125312805,13.758481805397457,68.24678355989721,-54.48830175449975
ETTm1,0.9592442512512207,0.00454298647047199,24.229687162003366,-24.225144175532893
ETTm1,0.9430795311927795,-1.4023098866629946,-19.79389204530482,18.391582158641825
ETTm1,0.9215705990791321,13.197068027687619,-0.03125333534148778,13.228321363029107
ETTm1,0.845863401889801,7.682877489497492,-1.230664119929397,8.91354160942689
ETTm1,0.7994157671928406,-18.601698464811275,-62.29512855743575,43.69343009262448
ETTm1,0.7384219765663147,1.4459288052550465,-4.446734729685981,5.892663534941027
ETTm1,0.7527203559875488,3.061519274773434,0.7005800681213039,2.36093920665213
ETTm1,0.7950159311294556,5.93914649972957,-3.6737464536928903,9.61289295342246
ETTm1,0.7879940867424011,5.573063878281617,16.456560747914434,-10.883496869632818
ETTm1,0.569743275642395,7.250386191998475,0.8649988343987338,6.385387357599741
ETTm1,0.8330591320991516,21.834614130572863,-3.4268265916513987,25.26144072222426
ETTm1,0.8687825202941895,10.872644985742932,11.563210136144663,-0.6905651504017314
ETTm1,0.8167333602905273,32.279743398574894,47.92075232098741,-15.641008922412517
ETTm1,0.8024131059646606,2.632969175517771,18.610962643851376,-15.977993468333604
ETTm1,0.6338998675346375,12.640198638860657,5.115006947214038,7.525191691646619
ETTm1,0.6067183017730713,8.230183256282013,1.55909134703528,6.671091909246733
ETTm1,0.5819182395935059,2.470749064174388,-0.5776876049393053,3.0484366691136935
ETTm1,0.6094213128089905,12.104622367099038,1.3866335572262583,10.71798880987278
ETTm1,0.6003131866455078,-5.039501965341345,-26.92614565650258,21.886643691161236
ETTm1,0.7970342636108398,-1.2163633247105716,-55.31732610863032,54.10096278391975
ETTm1,0.8874974250793457,7.855391094774168,-237.46058121973178,245.31597231450596
ETTm1,0.9355307817459106,8.038742445521942,12.890669119929129,-4.851926674407187
ETTm1,0.9238256812095642,3.2937793982841144,39.06412064926504,-35.77034125098093
ETTm1,0.8538981080055237,0.3188773623695132,0.42075035485987944,-0.10187299249036624
ETTm1,0.7720910906791687,17.08855611975874,-52.96588519594273,70.05444131570147
ETTm1,0.8689735531806946,0.4199877521067754,-36.26913840980659,36.689126161913364
ETTm1,0.8780103921890259,-1.4556245723008896,-95.61608411854503,94.16045954624414
ETTm1,0.8974043726921082,0.4614894893924662,-67.79314854225784,68.2546380316503
ETTm1,0.8675553798675537,-6.12032285132992,35.52823904932279,-41.64856190065271
ETTm1,0.7729435563087463,0.5566020108339408,27.56509922769443,-27.008497216860487
ETTm1,0.7441411018371582,4.268604729489516,7.676384424144671,-3.4077796946551553
ETTm1,0.7392181158065796,2.6347920357606243,0.0074573144184803455,2.627334721342144
ETTm1,0.7018705010414124,-3.5838487280214606,22.804441796723328,-26.38829052474479
ETTm1,0.6621084213256836,1.893294362540535,-15.177394381044266,17.0706887435848
ETTm1,0.6545140147209167,14.3183795016011,39.11755197460185,-24.799172473000752
ETTm1,0.5290567278862,-19.76037804974492,-14.878738494611854,-4.881639555133065
ETTm1,0.6820347309112549,23.88583812983705,6.517242004901035,17.368596124936015
ETTm1,0.6524961590766907,22.75049765816864,34.224977220229455,-11.474479562060814
ETTm1,0.6587268710136414,26.99802963582408,47.563930655788475,-20.565901019964397
ETTm1,0.6925559639930725,-2.4749252434494258,-0.10248796161492583,-2.3724372818345
ETTm1,0.8031809329986572,-0.005797313497319088,5.7164083484576915,-5.722205661955011
ETTm1,0.8358564972877502,-4.251697530812237,-0.5600316862691225,-3.6916658445431145
ETTm1,0.88759446144104,6.465100932185982,6.509032426468631,-0.04393149428264831
ETTm1,0.8582364320755005,7.589939214332743,23.865625872297883,-16.27568665796514
ETTm1,0.8576655387878418,13.307660055779428,-0.9554267802634291,14.263086836042856
ETTm1,0.8251286149024963,6.89719019953996,-36.30005745677179,43.197247656311745
ETTm1,0.5952205061912537,0.24510934172485271,-12.90911173256058,13.154221074285433
ETTm1,0.7612224221229553,-45.608697430002955,-35.31165922142309,-10.297038208579863
ETTm1,0.7257757782936096,23.62708164147902,49.16218580588294,-25.535104164403922
ETTm1,0.8301674723625183,-0.07864687065512757,-0.3613767550836808,0.2827298844285532
ETTm1,0.8792135715484619,-4.624110731340494,0.0,-4.624110731340494
ETTm1,0.8800604343414307,0.4681712556993377,-8.239812199182477,8.707983454881814
ETTm1,0.7465612292289734,5.836638980187707,-6.210156836077695,12.046795816265401
ETTm1,0.6941472887992859,0.6374950469563003,0.7286715430647265,-0.09117649610842615
ETTm1,0.691289484500885,6.658976525585381,25.35950158753178,-18.7005250619464
ETTm1,0.743238091468811,-5.281099437272281,-0.8487098270240419,-4.432389610248239
ETTm1,0.7995213270187378,10.274530237615526,34.732264655952676,-24.45773441833715
ETTm1,0.793608546257019,-5.160249605516915,-1.2845956846137025,-3.8756539209032126
ETTm1,0.7900468707084656,0.03406853902178119,-0.16992346898834662,0.20399200801012782
ETTm1,0.7956783771514893,-2.065569641677462,35.911441948040554,-37.97701158971802
ETTm1,0.7911182045936584,1.3051036591830112,-8.86662352087648,10.171727180059492
ETTm1,0.7959150075912476,11.33703931236522,54.720678595835736,-43.383639283470515
ETTm1,0.8562768697738647,61.23198843831168,53.86861279107017,7.3633756472415115
ETTm1,0.8364991545677185,-1.3152495600405676,10.975847858982634,-12.291097419023203
ETTm1,0.8734301924705505,-10.552709488334305,-48.82847942922441,38.2757699408901
ETTm1,0.9168791174888611,-0.009374258481506834,-97.62680230697897,97.61742804849747
ETTm1,0.9041171073913574,1.3768287735301614,-941.0651895952967,942.4420183688269
ETTm1,0.864058792591095,-11.265413992750481,-26.76879442792269,15.503380435172208
ETTm1,0.8745859861373901,19.13837643517916,60.54800940430992,-41.40963296913076
ETTm1,0.8330686092376709,0.30946724221382255,0.6441476308588195,-0.334680388644997
ETTm1,0.7642537355422974,5.62379841660671,-12.896311229295632,18.52010964590234
ETTm1,0.8699734210968018,2.7696288962374442,-0.4276401576048443,3.1972690538422883
ETTm1,0.8858530521392822,18.29457871741585,6.486566141582709,11.80801257583314
ETTm1,0.8402242064476013,0.7130657847708322,-18.620054301342282,19.333120086113116
ETTm1,0.7469944953918457,11.477088931957717,-0.8706443305381482,12.347733262495865
ETTm1,0.6979389786720276,8.282759374368723,-3.428012553248092,11.710771927616815
ETTm1,0.7344743013381958,24.91356486116866,-1.0435066174911138,25.957071478659774
ETTm1,0.8383503556251526,-0.03668914160966461,-136.48247235748025,136.4457832158706
ETTm1,0.924763023853302,9.611014284641133,-92.8310814101105,102.44209569475163
ETTm1,0.9280807375907898,-3.5266534693768543,69.3682049808747,-72.89485845025155
ETTm1,0.8650054335594177,-0.26247258260534906,-58.666460481307844,58.403987898702496
ETTm1,0.7975113391876221,0.1692580638026438,0.4140577469041497,-0.2447996831015059
ETTm1,0.7042730450630188,9.403662334872731,-16.664532438885356,26.068194773758087
ETTm1,0.6798887252807617,0.1319375675020718,-40.63058324237864,40.76252080988071
ETTm1,0.7676363587379456,34.593873742299365,-253.60756032090043,288.2014340631998
ETTm1,0.8873870968818665,-10.615930883380296,-16.16114241281635,5.545211529436054
ETTm1,0.9016222357749939,-6.902514858515346,-12.960074140581964,6.057559282066618
ETTm1,0.9002417325973511,4.985188987719555,-3.646876045401294,8.632065033120849
ETTm1,0.9148629903793335,-3.1272275793404845,-20.148653330737044,17.02142575139656
ETTm1,0.9003848433494568,-0.1472901440127855,-79.23205695335314,79.08476680934035
ETTm1,0.9158603549003601,-0.4996968189779445,-60.77185087150975,60.2721540525318
ETTm1,0.9455978870391846,-0.47150346564102613,62.6199913612401,-63.09149482688113
ETTm1,0.9538074135780334,19.143050483245126,0.0,19.143050483245126
ETTm1,0.9379058480262756,4.892681292790383,0.0,4.892681292790383
ETTm1,0.8537804484367371,-13.271880282327581,-132.73497792868557,119.46309764635798
ETTm1,0.9239500761032104,21.461645509761077,39.008392665647854,-17.546747155886777
ETTm1,0.8966282606124878,5.892130594269621,54.03337133067857,-48.141240736408946
ETTm1,0.9068259000778198,-39.39222166025568,-80.11205811854734,40.71983645829166
ETTm1,0.8859056830406189,13.890575063429896,-219.3111230051104,233.2016980685403
ETTm1,0.9312997460365295,32.979468233333684,-102.22777852008593,135.2072467534196
ETTm1,0.9480212330818176,6.102868385498061,21.983103185288453,-15.880234799790392
ETTm1,0.8834070563316345,18.62806914744138,-54.71529378639478,73.34336293383616
ETTm1,0.8049085736274719,5.746529734645056,-79.6214233835992,85.36795311824424
ETTm1,0.8450936675071716,-27.0231536116883,-198.73219857950636,171.70904496781804
ETTm1,0.8497751355171204,-19.830686920585723,-272.1090087825653,252.27832186197958
ETTm1,0.7946157455444336,-2.405556504335171,-46.98682060568963,44.581264101354456
ETTm1,0.8181037306785583,-0.0084210949026678,36.19656303949981,-36.20498413440247
ETTm1,0.7461320161819458,1.0676114006980886,-1.389024854896737,2.456636255594826
ETTm1,0.733832061290741,6.489569281962206,-49.63755030762537,56.12711958958757
ETTm1,0.9071401953697205,-22.70822058116597,3.4780795825932214,-26.186300163759192
ETTm1,0.9199411869049072,4.312736950144924,3.799845700125775,0.5128912500191487
ETTm1,0.8875826001167297,25.240739727234352,67.43755214500244,-42.196812417768086
ETTm1,0.8975911140441895,11.676609404760603,-84.70959121732905,96.38620062208965
ETTm1,0.9312684535980225,6.088611415859621,-126.85358950754168,132.94220092340132
ETTm1,0.8555355072021484,2.6445254421973283,-57.98348388341028,60.62800932560761
ETTm1,0.8044142127037048,-15.319351342404858,-189.16253311993992,173.84318177753505
ETTm1,0.8169568777084351,5.306261163861991,21.62269906928645,-16.31643790542446
ETTm1,0.6484126448631287,10.946221364066242,-80.68342348558221,91.62964484964846
ETTm1,0.7479158639907837,-0.3987545004282475,0.4483690326382703,-0.8471235330665179
ETTm1,0.7533801794052124,11.071293208622595,-19.625741350373143,30.69703455899574
ETTm1,0.7313359975814819,-8.706301729757858,11.33362868553137,-20.039930415289227
ETTm1,0.6356542706489563,4.253237375060141,7.987026057926709,-3.7337886828665683
ETTm1,0.7511513233184814,-17.432707381745967,-30.520012426498578,13.087305044752611
ETTm1,0.7855204343795776,5.60528470107629,40.18938377161418,-34.58409907053789
ETTm1,0.7978078126907349,20.53158314845865,0.1115067985168326,20.42007634994182
ETTm1,0.7093502283096313,0.23549934306372206,50.61993813519066,-50.384438792126936
ETTm1,0.7166093587875366,-6.4548595891305665,-8.834797700361985,2.379938111231419
ETTm1,0.7504568696022034,39.65677498503057,21.110379242914302,18.54639574211627
ETTm1,0.7377676963806152,-6.656437729741599,-7.652367482140841,0.9959297523992419
ETTm1,0.8227636814117432,-42.56697271122163,-225.00968964594426,182.44271693472263
ETTm1,0.8797207474708557,45.25631549823463,89.21545607898183,-43.9591405807472
ETTm1,0.8569028377532959,7.808186711095638,27.88520878386042,-20.077022072764784
ETTm1,0.8282345533370972,-8.436974157686377,50.34322409109107,-58.78019824877745
ETTm1,0.7640775442123413,0.09856828693979777,-0.20841895644631345,0.3069872433861112
ETTm1,0.8169557452201843,-2.071773996958852,-202.19193870079954,200.1201647038407
ETTm1,0.8929055333137512,-2.5397833751548453,-130.56477263418685,128.024989259032
ETTm1,0.8956515789031982,-0.10275226066744128,18.872437989638456,-18.975190250305896
ETTm1,0.8250633478164673,1.3110859717566687,-1.295968913380283,2.607054885136952
ETTm1,0.774803102016449,0.7284485993449317,-26.249069031454773,26.977517630799706
ETTm1,0.7620027661323547,9.262471808263822,-26.5485869060851,35.81105871434892
ETTm1,0.8195943236351013,-9.774670571301728,-0.09676314778353563,-9.677907423518192
ETTm1,0.7671444416046143,-5.876252431897795,0.2647218386350788,-6.140974270532873
ETTm1,0.7243755459785461,-5.028376311586297,-52.57234303793965,47.543966726353354
ETTm1,0.6869707107543945,19.033507487628935,-10.467779521125976,29.50128700875491
ETTm1,0.7960370779037476,11.553312289006413,42.16222500803472,-30.608912719028304
ETTm1,0.843029260635376,2.5839973688613975,-50.62040921129313,53.204406580154526
ETTm1,0.7954405546188354,4.930043722180688,1.1287440365201276,3.8012996856605605
ETTm1,0.6688665747642517,10.669546244591546,-18.67116354178223,29.34070978637378
ETTm1,0.6504846811294556,-0.5077740992182247,3.3997775597708904,-3.907551658989115
ETTm1,0.6968440413475037,0.6662599505306861,0.12813995613018603,0.5381199944005001
ETTm1,0.6402665972709656,-7.543906311577903,-31.467271167391342,23.92336485581344
ETTm1,0.6185986995697021,2.3870973074104627,-21.5507125608229,23.937809868233366
ETTm1,0.6459224820137024,-2.2868789676762757,-30.265558629510142,27.978679661833866
ETTm1,0.6718554496765137,-14.31582747261956,-39.65856373297922,25.342736260359658
ETTm1,0.6958092451095581,-2.575843830580892,-12.811944539484116,10.236100708903225
ETTm1,0.7521944046020508,-1.160820281034589,-15.444152623555318,14.28333234252073
ETTm1,0.841199517250061,39.578045331938874,-0.9756992359821337,40.55374456792101
ETTm1,0.8485091924667358,-0.3774022827386997,-0.6065671599430983,0.2291648772043986
ETTm1,0.8407530188560486,-17.071763908680744,-57.38767183674505,40.315907928064306
ETTm1,0.822381854057312,0.27714683135664336,30.760768108425257,-30.483621277068615
ETTm1,0.8472806215286255,-7.803338054202088,-217.65463189400282,209.85129383980072
ETTm1,0.7873029708862305,5.283528754592339,9.89208672446051,-4.608557969868171
ETTm1,0.6903930902481079,-18.849653501964244,-97.75267528656785,78.90302178460361
ETTm1,0.7515316009521484,7.62551113692694,42.68290781218544,-35.0573966752585
ETTm1,0.7856206893920898,17.2564834158717,-3.3446264375570163,20.601109853428717
ETTm1,0.7763327956199646,3.5093533180378897,10.596651853577976,-7.087298535540086
ETTm1,0.774639904499054,52.550250220105454,-0.07700788624154369,52.627258106347
ETTm1,0.7749377489089966,27.149809854220514,20.320715285943155,6.829094568277359
ETTm1,0.7533570528030396,-0.03659012829232713,-25.1032295374052,25.06663940911287
ETTm1,0.8299806118011475,2.436824003817614,0.0,2.436824003817614
ETTm1,0.7491499185562134,-12.54494249566406,-0.35360959337645487,-12.191332902287606
ETTm1,0.8254420757293701,39.28686211879673,54.413848119558295,-15.126986000761562
ETTh2,0.7181240916252136,0.7857129873147393,0.1521698557544952,0.633543131560244
ETTh2,0.6042396426200867,11.527538827012378,-5.043001587699507,16.570540414711886
ETTh2,0.7624234557151794,7.064609598986592,-58.593433603963064,65.65804320294966
ETTh2,0.7802035212516785,2.8199893065502515,10.095594189886546,-7.275604883336294
ETTh2,0.7370722889900208,-2.1389082958345593,-30.945751844194042,28.80684354835948
ETTh2,0.7205277681350708,-1.195660252618865,-11.298440219487437,10.102779966868573
ETTh2,0.6899290680885315,-0.31316294775216885,-70.09149978270905,69.77833683495687
ETTh2,0.7903090119361877,0.38075144530526284,12.509594407075095,-12.128842961769832
ETTh2,0.8022181987762451,-2.2693769703321527,-74.0906205508115,71.82124358047935
ETTh2,0.7251262664794922,-3.5681813411629446,0.39491796282411706,-3.963099303987062
ETTh2,0.7528566122055054,-0.411426438915537,13.01662504394029,-13.428051482855828
ETTh2,0.7684639096260071,0.11688624315432623,2.7559967537910115,-2.6391105106366854
ETTh2,0.7355417609214783,0.40066942575146475,3.5639352481068363,-3.1632658223553713
ETTh2,0.6509486436843872,1.4104041652769603,8.833742006575578,-7.423337841298618
ETTh2,0.6808608174324036,7.72817289042973,-9.951050955067277,17.679223845497006
ETTh2,0.6374931335449219,0.9260562307608392,12.639723873134448,-11.71366764237361
ETTh2,0.5946025252342224,-4.48552657226731,-10.401727754036454,5.916201181769144
ETTh2,0.6069707274436951,-5.043676000629447,3.193148648542484,-8.23682464917193
ETTh2,0.6351391077041626,2.066694776964074,-6.8172096163555835,8.883904393319657
ETTh2,0.7342782020568848,-1.8985482165798422,-34.197596670485915,32.299048453906074
ETTh2,0.7202621698379517,6.658038479056069,-30.659253033150762,37.31729151220683
ETTh2,0.7504001259803772,4.994746931538612,4.062234717821216,0.9325122137173958
ETTh2,0.7058833837509155,10.32780211588117,-15.876855447618437,26.20465756349961
ETTh2,0.7259328365325928,0.3630029857418222,-19.652662403586547,20.01566538932837
ETTh2,0.7436627149581909,-21.041769145993374,28.438675963020156,-49.48044510901353
ETTh2,0.7280320525169373,-7.41965120476909,-15.672575392337459,8.252924187568368
ETTh2,0.6747909784317017,3.0221166366300154,-40.50095804566715,43.523074682297164
ETTh2,0.6528260111808777,-7.568070966240666,-15.663047287767066,8.0949763215264
ETTh2,0.5365095734596252,-1.3393915786190334,23.963084847945137,-25.30247642656417
ETTh2,0.5768380165100098,0.06857230527055656,-4.147556437283626,4.216128742554183
ETTh2,0.6347107291221619,8.890807852733149,32.71944094819751,-23.82863309546436
ETTh2,0.6456875205039978,3.1177746900041927,17.26044125011014,-14.142666560105948
ETTh2,0.6488203406333923,-11.152182284392257,10.551072270119773,-21.70325455451203
ETTh2,0.7232605814933777,10.108675132586077,-18.73095342543406,28.839628558020138
ETTh2,0.7652143239974976,-4.827632748340238,-1.376772688791255,-3.450860059548983
ETTh2,0.7477723360061646,0.5414954166518148,22.747708627980025,-22.20621321132821
ETTh2,0.7437898516654968,-0.28871006594819365,16.84790268174069,-17.136612747688883
ETTh2,0.66573566198349,3.2091015224315713,26.363022492306857,-23.153920969875287
ETTh2,0.6552453637123108,-9.778833128770076,-69.24410134363134,59.46526821486127
ETTh2,0.6143308877944946,-6.4013148232087005,-7.879313229513094,1.4779984063043932
ETTh2,0.6777878999710083,-2.540921610855431,24.84818338685424,-27.389104997709673
ETTh2,0.6930949091911316,-19.227968558375046,-35.607658352939936,16.37968979456489
ETTh2,0.7045525312423706,6.722682548631689,33.52037225515755,-26.79768970652586
ETTh2,0.7142934203147888,0.3712362423442446,40.70706826458962,-40.33583202224538
ETTh2,0.6481257677078247,3.66808721505302,27.341940746924948,-23.673853531871927
ETTh2,0.6756108999252319,0.85745038881395,-8.332717511617375,9.190167900431325
ETTh2,0.7212954759597778,0.6851482043272491,28.512787600587885,-27.827639396260636
ETTh2,0.6992227435112,0.048943792948178313,-5.6642164703499525,5.713160263298131
ETTh2,0.6753601431846619,1.7118770675488209,33.798698111194106,-32.08682104364529
ETTh2,0.696862518787384,-3.452056191763772,-11.824492231476816,8.372436039713044
ETTh2,0.6483294367790222,29.537081879893446,34.14805898607257,-4.610977106179124
ETTh2,0.5376681685447693,-3.2421466434732356,-0.42788461983711895,-2.8142620236361164
ETTh2,0.6202592253684998,6.056799763630225,4.371550163497981,1.6852496001322432
ETTh2,0.621315598487854,5.073103899516866,-60.49729648705158,65.57040038656845
ETTh2,0.7114661931991577,-0.45267379837988775,8.930303790333886,-9.382977588713773
ETTh2,0.6709633469581604,-0.7580711778068424,2.7934171949410813,-3.5514883727479236
